Date,Open,High,Low,Close,Volume,Status
2020-01-02,44.0,44.05,43.35,43.95,1189342,ok
2020-01-03,42.99,43.35,42.22,42.36,1050687,ok
2020-01-06,42.0,42.29,41.605,42.18,848091,ok
2020-01-07,42.1,42.705,41.92,42.44,1383320,ok
2020-01-08,42.48,42.995,42.09,42.7,1071965,ok
2020-01-09,42.92,42.9264,41.92,41.93,1190853,ok
2020-01-10,41.84,41.95,41.3,41.42,827084,ok
2020-01-13,41.3,41.495,41.055,41.38,1703700,ok
2020-01-14,41.32,42.12,41.32,41.73,1516776,ok
2020-01-15,41.33,41.7058,41.01,41.29,1075542,ok
2020-01-16,41.5,41.88,41.26,41.88,1393926,ok
2020-01-17,41.84,42.18,41.22,41.53,1426336,ok
2020-01-21,41.25,41.3319,40.465,40.5,1423310,ok
2020-01-22,40.48,40.71,40.07,40.29,1197293,ok
2020-01-23,39.96,40.64,39.31,40.56,1411467,ok
2020-01-24,40.5,40.635,39.13,39.24,853358,ok
2020-01-27,38.25,38.62,37.71,38.36,1651951,ok
2020-01-28,35.5,36.57,34.88,35.43,15579023,ok
2020-01-29,36.1,36.38,35.235,35.29,6307914,ok
2020-01-30,35.0,35.48,34.65,35.06,4135775,ok
2020-01-31,34.89,35.0,34.09,34.29,4540789,ok
2020-02-03,34.62,35.17,34.37,34.38,3269713,ok
2020-02-04,35.0,35.08,34.34,34.43,4049345,ok
2020-02-05,34.89,35.155,34.59,35.04,3742553,ok
2020-02-06,35.25,35.25,33.76,33.76,3665375,ok
2020-02-07,33.5,33.73,33.25,33.57,2213955,ok
2020-02-10,33.57,33.77,33.15,33.28,1975894,ok
2020-02-11,33.25,34.44,33.17,34.11,2776514,ok
2020-02-12,34.54,35.0,33.98,34.69,4740528,ok
2020-02-13,34.31,35.36,33.56,35.08,5660491,ok
2020-02-14,34.75,34.96,33.43,34.15,5008448,ok
2020-02-18,34.16,34.81,33.95,34.34,3505975,ok
2020-02-19,34.27,34.92,34.22,34.79,3027932,ok
2020-02-20,34.62,35.4,34.55,35.15,2623949,ok
2020-02-21,35.05,35.08,33.9,33.98,2478944,ok
2020-02-24,32.79,32.85,31.81,32.16,5983220,ok
2020-02-25,32.25,32.44,30.76,30.77,6578626,ok
2020-02-26,31.22,31.725,30.17,30.21,3492460,ok
2020-02-27,29.66,31.38,28.98,30.59,6592885,ok
2020-02-28,29.48,31.63,29.42,31.6,6634583,ok
2020-03-02,31.5,32.33,30.89,32.33,4148158,ok
2020-03-03,32.05,32.64,30.78,31.24,5201035,ok
2020-03-04,31.58,31.63,30.42,31.54,4169168,ok
2020-03-05,30.59,30.77,29.57,29.9,3744924,ok
2020-03-06,29.0,29.67,28.515,28.87,5598801,ok
2020-03-09,27.16,27.9,26.03,26.05,4257151,ok
2020-03-10,27.23,27.8,26.22,27.79,5597180,ok
2020-03-11,27.06,27.39,26.21,26.79,5441682,ok
2020-03-12,24.43,27.8,23.25,24.62,4710853,ok
2020-03-13,25.7,26.38,23.72,25.66,4991141,ok
2020-03-16,23.36,24.59,22.755,23.05,4210796,ok
2020-03-17,23.37,23.7065,20.7,22.29,5951643,ok
2020-03-18,20.84,21.88,17.0,19.73,3967639,ok
2020-03-19,18.96,22.08,18.26,21.01,4971781,ok
2020-03-20,21.41,22.51,19.53,20.5,4303013,ok
2020-03-23,20.44,21.69,19.58,21.15,3872631,ok
2020-03-24,22.86,23.565,21.22,22.79,4834678,ok
2020-03-25,23.48,24.675,21.19,23.72,5211612,ok
2020-03-26,23.92,25.05,23.13,24.94,4196473,ok
2020-03-27,23.59,24.18,22.51,23.7,3271745,ok
2020-03-30,23.4,24.74,22.61,24.58,3810951,ok
2020-03-31,25.58,26.73,24.25,24.37,7920610,ok
2020-04-01,23.07,23.62,22.45,22.66,4577123,ok
2020-04-02,22.35,23.49,21.8,22.28,4104256,ok
2020-04-03,22.4,22.7,21.15,21.29,4128794,ok
2020-04-06,22.56,24.94,21.93,24.73,4132728,ok
2020-04-07,26.26,26.57,24.46,24.67,3162238,ok
2020-04-08,25.1,25.86,24.49,25.53,3005044,ok
2020-04-09,26.24,27.1,25.56,25.74,4216498,ok
2020-04-13,26.06,26.48,24.5,26.16,2230838,ok
2020-04-14,26.31,27.29,26.25,27.19,3187726,ok
2020-04-15,25.61,26.64,25.45,26.47,2523594,ok
2020-04-16,26.24,26.59,25.48,26.05,3187715,ok
2020-04-17,27.33,28.05,26.64,26.98,3917337,ok
2020-04-20,26.09,26.615,25.46,25.52,2923794,ok
2020-04-21,24.55,25.685,24.27,25.51,2277907,ok
2020-04-22,26.11,26.39,25.28,25.65,2426878,ok
2020-04-23,25.77,27.11,25.67,26.65,2859369,ok
2020-04-24,27.32,27.32,26.29,27.08,2519161,ok
2020-04-27,27.2,28.305,26.91,28.06,3104472,ok
2020-04-28,29.06,29.31,28.225,28.55,2548424,ok
2020-04-29,29.39,30.15,29.17,29.67,2244192,ok
2020-04-30,29.19,29.27,28.425,28.57,3390670,ok
2020-05-01,27.83,27.96,26.69,27.16,2448677,ok
2020-05-04,26.66,27.28,26.38,27.02,2580283,ok
2020-05-05,27.65,28.11,26.89,26.96,2626985,ok
2020-05-06,28.65,28.65,27.15,28.07,9996113,ok
2020-05-07,28.84,29.61,27.73,27.84,4936192,ok
2020-05-08,28.54,29.5,28.39,29.39,3957200,ok
2020-05-11,28.95,29.51,28.35,29.26,5458037,ok
2020-05-12,29.5,29.74,28.21,28.22,2980147,ok
2020-05-13,28.07,28.17,25.95,26.34,3866026,ok
2020-05-14,25.48,27.83,25.17,27.81,6106700,ok
2020-05-15,27.43,27.93,27.22,27.77,3626190,ok
2020-05-18,29.1,29.84,28.8,29.54,2355021,ok
2020-05-19,29.47,29.89,28.88,28.89,3253792,ok
2020-05-20,29.57,30.005,29.32,29.75,3517121,ok
2020-05-21,29.71,30.18,29.29,29.9,2793973,ok
2020-05-22,30.17,30.22,29.15,29.84,3759510,ok
2020-05-26,31.24,31.825,31.07,31.52,4117104,ok
2020-05-27,32.35,32.7,31.59,32.54,5023975,ok
2020-05-28,32.81,32.91,31.71,32.1,4094721,ok
2020-05-29,31.58,32.24,31.04,32.15,4547321,ok
2020-06-01,32.42,33.87,32.13,33.26,2985887,ok
2020-06-02,33.75,34.01,32.98,33.94,3813258,ok
2020-06-03,34.63,35.33,34.22,34.33,4235985,ok
2020-06-04,33.98,34.97,33.66,34.97,3548667,ok
2020-06-05,37.1,37.745,36.38,37.29,5171748,ok
2020-06-08,37.81,38.1,37.275,37.52,2944626,ok
2020-06-09,36.48,37.205,36.04,36.65,3044124,ok
2020-06-10,36.59,36.6,35.38,35.57,3069172,ok
2020-06-11,33.64,34.28,32.4,32.66,3323214,ok
2020-06-12,34.44,34.5,32.68,33.55,3084086,ok
2020-06-15,32.24,33.927,31.873,33.86,2575315,ok
2020-06-16,35.18,35.24,33.2601,33.6,5756731,ok
2020-06-17,33.61,34.49,33.11,33.34,2855393,ok
2020-06-18,32.87,33.76,32.6,33.25,2584553,ok
2020-06-19,34.1,34.59,33.38,34.24,5361694,ok
2020-06-22,34.13,34.5982,33.63,34.28,2392809,ok
2020-06-23,34.97,35.66,34.385,35.42,4147283,ok
2020-06-24,35.0,35.0,33.08,33.18,2242084,ok
2020-06-25,32.89,33.59,32.32,33.5,2321755,ok
2020-06-26,33.46,33.48,32.74,33.23,3111483,ok
2020-06-29,33.64,35.14,33.45,35.08,2494559,ok
2020-06-30,34.79,35.62,34.42,35.3,2938818,ok
2020-07-01,35.29,35.68,34.04,34.24,2593309,ok
2020-07-02,35.21,35.96,34.785,35.19,2545943,ok
2020-07-06,36.0,36.15,34.8,35.35,2171341,ok
2020-07-07,35.01,35.365,34.87,35.04,2129613,ok
2020-07-08,34.81,35.3,34.57,34.93,1947423,ok
2020-07-09,35.14,35.14,33.741,34.4,1653258,ok
2020-07-10,34.55,35.51,34.39,35.51,2332498,ok
2020-07-13,36.0,36.2,35.11,35.25,2891871,ok
2020-07-14,35.37,36.31,35.01,36.28,2022014,ok
2020-07-15,37.0,37.825,36.01,37.56,2891542,ok
2020-07-16,37.15,38.06,36.93,37.77,2303529,ok
2020-07-17,37.99,38.03,37.12,37.49,4694366,ok
2020-07-20,37.36,38.015,37.34,37.77,3128129,ok
2020-07-21,38.19,38.4,37.63,37.7,3139390,ok
2020-07-22,37.55,38.54,37.44,38.31,1687546,ok
2020-07-23,38.54,39.01,38.0,38.73,3269781,ok
2020-07-24,38.4,38.69,38.03,38.36,1427734,ok
2020-07-27,38.46,39.045,38.0,38.98,1388134,ok
2020-07-28,38.83,39.18,38.48,38.5,2232985,ok
2020-07-29,38.6,38.945,38.3,38.92,1905989,ok
2020-07-30,38.16,38.28,37.11,37.11,2265333,ok
2020-07-31,37.01,37.19,36.065,36.6,3299447,ok
2020-08-03,36.86,37.145,36.67,36.93,2186434,ok
2020-08-04,37.21,37.255,36.545,37.16,4742800,ok
2020-08-05,37.34,39.08,37.1,38.72,5347774,ok
2020-08-06,38.49,39.04,38.08,38.68,3684442,ok
2020-08-07,38.26,39.0,38.05,38.91,2203448,ok
2020-08-10,39.21,40.59,39.2,40.49,3065945,ok
2020-08-11,41.42,42.4,41.3,41.74,3155787,ok
2020-08-12,42.14,42.42,41.265,41.51,3282948,ok
2020-08-13,41.26,41.71,40.96,40.96,1598792,ok
2020-08-14,40.93,41.9,40.8,41.79,2737787,ok
2020-08-17,42.09,42.32,41.4,41.59,1936789,ok
2020-08-18,41.53,41.94,41.13,41.21,1430169,ok
2020-08-19,41.32,41.62,40.87,41.01,2227538,ok
2020-08-20,40.46,40.955,40.3062,40.66,2492200,ok
2020-08-21,40.33,40.79,40.17,40.59,1484089,ok
2020-08-24,40.95,41.57,40.55,41.38,1954165,ok
2020-08-25,41.57,41.69,40.62,41.0,2186436,ok
2020-08-26,40.96,41.6,40.66,41.53,3214665,ok
2020-08-27,41.87,41.87,40.665,40.76,3536080,ok
2020-08-28,40.89,41.53,40.67,41.43,2252865,ok
2020-08-31,41.52,41.52,40.59,40.59,3361198,ok
2020-09-01,40.43,41.69,40.04,41.58,2673785,ok
2020-09-02,41.86,43.045,41.75,42.93,2950541,ok
2020-09-03,42.85,43.12,41.69,42.2,2932980,ok
2020-09-04,42.76,43.09,41.5999,42.07,2322851,ok
2020-09-08,41.51,42.78,40.94,41.61,2653492,ok
2020-09-09,42.0,42.51,41.91,42.29,1923015,ok
2020-09-10,42.94,43.165,41.63,41.66,2064528,ok
2020-09-11,41.78,42.58,41.65,42.37,2667087,ok
2020-09-14,42.69,42.89,42.33,42.82,3062989,ok
2020-09-15,43.0,43.22,42.26,42.27,2094660,ok
2020-09-16,42.06,42.09,39.48,39.56,4773686,ok
2020-09-17,39.25,40.19,38.9,39.58,3802333,ok
2020-09-18,39.59,39.77,38.77,39.0,3488226,ok
2020-09-21,38.41,38.64,37.11,37.41,2671264,ok
2020-09-22,37.45,37.73,37.01,37.41,2257664,ok
2020-09-23,37.62,38.19,37.385,37.4,2092477,ok
2020-09-24,37.31,37.695,36.74,37.03,2230967,ok
2020-09-25,36.81,37.06,36.34,36.81,1591978,ok
2020-09-28,37.79,38.295,37.52,38.01,3221735,ok
2020-09-29,38.07,38.47,37.94,38.03,1662728,ok
2020-09-30,38.33,39.06,38.09,38.74,4094354,ok
2020-10-01,39.27,39.95,39.085,39.54,6720869,ok
2020-10-02,38.59,39.49,37.42,39.2,4556165,ok
2020-10-05,39.67,41.34,39.34,40.88,4653640,ok
2020-10-06,41.39,41.76,39.91,39.94,12487505,ok
2020-10-07,40.59,41.94,40.455,41.54,3384342,ok
2020-10-08,42.0,42.24,39.86,40.09,4119997,ok
2020-10-09,40.25,40.92,39.57,39.62,3263927,ok
2020-10-12,40.0,40.64,39.27,39.42,1870534,ok
2020-10-13,39.26,39.83,38.86,38.95,2134351,ok
2020-10-14,39.38,39.59,38.54,38.56,2522247,ok
2020-10-15,38.01,39.24,37.73,39.21,2210751,ok
2020-10-16,39.53,39.72,38.62,38.69,1909767,ok
2020-10-19,38.75,39.07,38.31,38.66,3352478,ok
2020-10-20,39.44,39.91,39.04,39.29,3247716,ok
2020-10-21,39.31,39.96,39.31,39.62,3405128,ok
2020-10-22,39.19,40.25,39.15,40.19,4009713,ok
2020-10-23,40.67,41.13,39.655,39.75,2350986,ok
2020-10-26,39.15,39.31,37.9,38.48,3114028,ok
2020-10-27,38.34,38.43,37.3422,37.54,3063731,ok
2020-10-28,36.5,37.02,36.08,36.65,2871712,ok
2020-10-29,36.88,36.905,34.95,35.44,5028531,ok
2020-10-30,35.43,35.71,34.3,34.98,2994826,ok
2020-11-02,35.32,36.27,35.32,35.6,2930713,ok
2020-11-03,36.21,37.06,36.01,36.34,3418140,ok
2020-11-04,35.85,36.365,35.2,35.84,2615226,ok
2020-11-05,36.3,37.26,36.3,37.02,2631836,ok
2020-11-06,37.26,37.52,36.23,36.43,2831958,ok
2020-11-09,38.33,39.4,37.735,37.99,2913050,ok
2020-11-10,38.51,39.2,37.96,38.8,3407746,ok
2020-11-11,39.19,39.345,38.16,38.56,1685142,ok
2020-11-12,37.43,37.86,35.79,36.27,5024128,ok
2020-11-13,36.64,37.9,36.575,37.66,3398263,ok
2020-11-16,38.43,38.75,37.915,38.74,2109450,ok
2020-11-17,38.12,38.595,37.57,38.0,1881870,ok
2020-11-18,38.15,39.07,38.0,38.36,2437193,ok
2020-11-19,38.04,38.55,37.31,37.71,2322298,ok
2020-11-20,37.53,37.755,37.24,37.56,2004808,ok
2020-11-23,37.87,39.17,37.87,39.06,3321172,ok
2020-11-24,39.79,40.55,39.45,40.47,2375501,ok
2020-11-25,40.07,40.27,39.06,39.11,1468284,ok
2020-11-27,39.12,39.5,38.9,39.5,862765,ok
2020-11-30,39.29,39.5,38.46,38.85,4144983,ok
2020-12-01,39.63,39.68,38.69,38.71,2478885,ok
2020-12-02,38.42,38.84,38.31,38.61,1587966,ok
2020-12-03,38.75,38.97,38.39,38.69,1551751,ok
2020-12-04,38.87,39.92,38.87,39.87,2033160,ok
2020-12-07,39.79,40.05,38.86,39.22,2225160,ok
2020-12-08,39.28,40.13,39.1,39.35,3572277,ok
2020-12-09,39.46,39.945,39.36,39.86,2718690,ok
2020-12-10,39.56,39.56,38.21,38.28,2516240,ok
2020-12-11,37.92,38.01,36.5,36.52,3645584,ok
2020-12-14,37.15,37.3285,36.26,36.34,3371812,ok
2020-12-15,36.87,37.72,36.68,37.7,2225056,ok
2020-12-16,38.04,38.49,37.645,38.41,2050862,ok
2020-12-17,38.58,39.01,38.255,39.0,2238380,ok
2020-12-18,39.0,39.005,38.18,38.62,5467604,ok
2020-12-21,37.94,38.54,37.46,38.54,2020901,ok
2020-12-22,38.56,39.235,38.22,39.11,2363016,ok
2020-12-23,39.5,40.32,39.28,39.62,1620656,ok
2020-12-24,39.6,39.6,38.64,38.96,567107,ok
2020-12-28,39.32,39.74,39.2,39.24,998604,ok
2020-12-29,39.49,39.55,38.36,38.55,1078437,ok
2020-12-30,38.64,39.27,38.55,39.19,1475671,ok
2020-12-31,39.31,39.31,38.59,38.64,1211958,ok
2021-01-04,38.99,39.14,37.76,38.06,1838490,ok
2021-01-05,37.87,39.23,37.87,38.96,1693576,ok
2021-01-06,39.0,40.415,39.0,40.17,2736427,ok
2021-01-07,40.79,41.38,40.39,41.1,2259229,ok
2021-01-08,40.98,41.14,39.86,40.29,2059449,ok
2021-01-11,39.68,40.41,39.5,40.18,1294931,ok
2021-01-12,40.73,41.84,40.45,41.17,3152610,ok
2021-01-13,41.07,41.4,39.95,40.15,2246763,ok
2021-01-14,40.44,40.6,39.285,39.6,2819675,ok
2021-01-15,39.12,39.35,38.015,38.6,4637976,ok
2021-01-19,38.96,39.54,38.38,39.3,2374121,ok
2021-01-20,40.01,40.92,39.55,40.88,2263509,ok
2021-01-21,40.91,43.9,40.9,43.6,4586542,ok
2021-01-22,43.33,43.45,42.41,42.8,2198493,ok
2021-01-25,42.57,43.59,42.21,43.51,2194886,ok
2021-01-26,44.05,44.7,43.44,43.96,3178442,ok
2021-01-27,43.85,46.48,43.53,44.9,7918718,ok
2021-01-28,44.79,45.05,42.04,42.41,3088687,ok
2021-01-29,42.16,43.54,41.63,41.99,2735006,ok
2021-02-01,42.21,42.52,41.48,42.08,3116717,ok
2021-02-02,42.46,42.54,41.3,41.34,2003641,ok
2021-02-03,41.42,42.79,41.02,42.7,2344889,ok
2021-02-04,43.04,43.304,42.315,42.71,2035464,ok
2021-02-05,43.21,43.32,42.39,43.1,1861113,ok
2021-02-08,43.26,43.67,42.76,43.44,2440009,ok
2021-02-09,43.18,43.32,42.61,42.91,1469893,ok
2021-02-10,43.33,44.355,42.97,43.69,2805825,ok
2021-02-11,45.5,45.75,41.685,42.84,3961580,ok
2021-02-12,42.58,42.8499,41.14,41.99,2690093,ok
2021-02-16,44.0,44.38,42.66,43.78,3875199,ok
2021-02-17,43.81,44.95,43.29,44.57,4879228,ok
2021-02-18,44.21,44.5,42.97,43.06,2620610,ok
2021-02-19,43.7,44.16,42.93,43.56,2476613,ok
2021-02-22,43.25,44.7,43.2,44.64,1909835,ok
2021-02-23,44.2,44.93,43.02,44.88,2966518,ok
2021-02-24,45.1,46.19,44.96,46.0,2750083,ok
2021-02-25,46.23,46.32,44.66,45.11,1893750,ok
2021-02-26,45.15,45.52,43.88,45.0,3216716,ok
2021-03-01,45.39,45.73,44.65,45.23,1844106,ok
2021-03-02,45.35,46.87,45.04,46.22,2016705,ok
2021-03-03,46.52,48.39,46.32,47.32,3202342,ok
2021-03-04,47.23,47.46,45.395,46.51,2167671,ok
2021-03-05,46.91,48.98,46.7,48.84,3681575,ok
2021-03-08,49.32,50.53,49.1,49.71,3276748,ok
2021-03-09,49.61,50.37,48.91,48.91,3071812,ok
2021-03-10,48.98,50.34,48.805,49.9,2360885,ok
2021-03-11,49.87,50.0,48.18,49.15,2547297,ok
2021-03-12,49.3,50.44,48.95,50.33,1684178,ok
2021-03-15,50.43,50.5978,49.7,50.55,1789466,ok
2021-03-16,50.32,50.46,48.63,48.77,1503388,ok
2021-03-17,48.77,49.66,48.41,49.66,2532924,ok
2021-03-18,49.32,49.83,47.94,48.16,2067670,ok
2021-03-19,48.13,49.205,47.65,49.02,4667168,ok
2021-03-22,48.58,48.89,47.45,48.13,2138057,ok
2021-03-23,47.23,47.23,44.13,44.3,3513862,ok
2021-03-24,44.63,45.13,43.47,43.5,3268199,ok
2021-03-25,42.73,44.0,42.53,43.7,2793003,ok
2021-03-26,44.89,45.82,44.21,45.74,3438698,ok
2021-03-29,46.05,46.79,45.19,45.3,2662749,ok
2021-03-30,45.46,46.64,45.1,46.53,1882640,ok
2021-03-31,46.61,46.8,45.8645,46.36,1613074,ok
2021-04-01,46.61,46.775,45.16,46.3,1844343,ok
2021-04-05,46.61,47.0999,46.1285,46.79,1675219,ok
2021-04-06,46.8,47.27,46.49,46.67,1808105,ok
2021-04-07,46.58,46.89,45.26,45.5,2493418,ok
2021-04-08,45.31,46.16,44.62,46.0,1982400,ok
2021-04-09,46.35,46.69,45.93,46.48,1412927,ok
2021-04-12,47.98,47.99,46.755,47.58,2485282,ok
2021-04-13,47.79,48.03,46.52,47.18,2083280,ok
2021-04-14,47.05,48.31,47.05,47.46,1689054,ok
2021-04-15,47.68,48.04,47.18,47.88,1821422,ok
2021-04-16,48.2,49.3,48.17,48.96,2512006,ok
2021-04-19,48.65,49.58,48.17,49.32,2110041,ok
2021-04-20,49.15,49.34,47.4175,47.93,1909858,ok
2021-04-21,47.76,50.27,47.62,50.14,2366714,ok
2021-04-22,50.44,50.52,48.91,49.54,1913941,ok
2021-04-23,49.87,51.21,49.75,50.97,1763643,ok
2021-04-26,51.25,51.88,50.38,50.49,1667826,ok
2021-04-27,50.29,50.63,50.02,50.11,1632580,ok
2021-04-28,50.06,50.9,50.03,50.46,1235819,ok
2021-04-29,50.6,50.6,48.68,49.36,2117934,ok
2021-04-30,49.03,49.53,48.335,48.58,1878959,ok
2021-05-03,48.92,49.46,48.54,49.26,2074847,ok
2021-05-04,48.79,48.96,47.58,48.5,2052478,ok
2021-05-05,49.49,51.18,49.31,51.12,2675858,ok
2021-05-06,51.24,52.48,51.01,52.23,2065568,ok
2021-05-07,51.91,53.93,51.02,53.8,2328898,ok
2021-05-10,53.94,54.21,52.89,52.93,2029321,ok
2021-05-11,52.0,52.5625,50.66,51.65,1745993,ok
2021-05-12,51.42,51.62,49.5,49.75,1701031,ok
2021-05-13,49.52,50.99,49.39,50.75,1481692,ok
2021-05-14,51.4,51.52,50.59,51.43,1249604,ok
2021-05-17,51.44,51.815,51.0,51.65,1194152,ok
2021-05-18,51.47,51.76,51.06,51.13,1316835,ok
2021-05-19,50.0,50.3,49.23,50.02,2015123,ok
2021-05-20,50.0,50.115,49.07,49.74,2042505,ok
2021-05-21,50.12,50.925,50.01,50.51,1539059,ok
2021-05-24,50.79,50.795,50.01,50.15,1084961,ok
2021-05-25,50.21,50.77,49.46,49.8,1412939,ok
2021-05-26,49.68,50.55,49.17,50.52,1658473,ok
2021-05-27,51.23,51.96,51.1272,51.42,3860061,ok
2021-05-28,51.56,51.62,50.5149,51.29,1285732,ok
2021-06-01,51.81,53.15,51.39,52.96,1518890,ok
2021-06-02,55.25,55.429,52.55,53.41,2203628,ok
2021-06-03,53.32,55.55,53.0,54.3,2948639,ok
2021-06-04,54.3,54.85,54.1109,54.45,1952883,ok
2021-06-07,54.4,54.49,52.76,53.11,1976396,ok
2021-06-08,52.71,53.7,52.3,53.59,1514356,ok
2021-06-09,53.48,53.685,52.95,53.12,1367236,ok
2021-06-10,53.56,53.62,52.01,52.25,1387905,ok
2021-06-11,52.55,52.965,52.34,52.91,1113218,ok
2021-06-14,52.77,52.99,51.785,51.97,1271261,ok
2021-06-15,51.98,52.15,51.35,52.09,1184409,ok
2021-06-16,51.88,52.025,50.89,51.38,1525181,ok
2021-06-17,51.52,52.52,48.69,49.45,2289130,ok
2021-06-18,48.84,48.85,47.34,47.58,3302755,ok
2021-06-21,48.0,48.84,47.91,48.5,1885084,ok
2021-06-22,48.5,48.92,48.1,48.49,2159255,ok
2021-06-23,48.69,48.9,48.21,48.44,1415806,ok
2021-06-24,49.14,49.3,48.21,48.77,1494135,ok
2021-06-25,49.12,49.42,48.53,48.95,2523130,ok
2021-06-28,48.88,48.94,47.53,47.92,1330522,ok
2021-06-29,48.3,48.86,47.87,48.36,1183963,ok
2021-06-30,48.15,48.75,47.99,48.54,1296773,ok
2021-07-01,49.07,49.53,48.38,49.13,1311382,ok
2021-07-02,49.16,49.16,48.4001,49.13,1148864,ok
2021-07-06,48.78,48.87,47.01,47.82,2112374,ok
2021-07-07,47.46,47.85,46.0014,47.07,1588868,ok
2021-07-08,46.11,47.4071,45.7211,46.62,1730602,ok
2021-07-09,47.68,48.2,47.32,47.8,1578234,ok
2021-07-12,47.46,48.329,47.0,48.12,1686415,ok
2021-07-13,48.11,48.25,47.39,47.56,1793617,ok
2021-07-14,47.67,48.2,47.14,47.44,1756462,ok
2021-07-15,47.0,47.62,46.83,47.33,1827312,ok
2021-07-16,47.53,47.6,45.9,45.97,1729574,ok
2021-07-19,44.85,45.51,44.38,45.19,2303712,ok
2021-07-20,45.19,47.15,45.19,47.03,1805865,ok
2021-07-21,47.57,48.31,47.28,47.48,1427588,ok
2021-07-22,47.19,47.19,46.27,46.47,1562788,ok
2021-07-23,46.97,47.14,46.44,47.0,1289213,ok
2021-07-26,47.16,47.83,47.12,47.75,1233266,ok
2021-07-27,47.42,48.015,47.095,47.37,1459677,ok
2021-07-28,47.44,48.02,47.1,47.7,879339,ok
2021-07-29,48.33,49.21,48.01,48.9,1342226,ok
2021-07-30,48.49,49.46,48.33,48.98,1841523,ok
2021-08-02,49.34,49.98,48.56,48.79,1445563,ok
2021-08-03,48.92,49.6,48.22,49.36,2021588,ok
2021-08-04,49.36,49.54,46.63,46.76,2959488,ok
2021-08-05,47.16,47.68,46.38,46.52,1620084,ok
2021-08-06,46.5,46.9,45.47,45.54,2849424,ok
2021-08-09,45.37,46.01,44.87,45.58,1792464,ok
2021-08-10,45.44,45.9,45.04,45.86,1328805,ok
2021-08-11,45.88,46.925,45.41,46.8,1505655,ok
2021-08-12,46.8,47.27,46.02,46.27,1390104,ok
2021-08-13,46.35,46.6,45.51,45.61,1037210,ok
2021-08-16,45.13,45.71,44.63,45.6,1377225,ok
2021-08-17,44.91,45.17,43.805,44.69,1973779,ok
2021-08-18,44.5,45.04,44.23,44.26,1128220,ok
2021-08-19,43.64,43.95,42.23,42.52,1702591,ok
2021-08-20,42.06,42.595,41.79,42.48,1552546,ok
2021-08-23,42.76,42.87,42.35,42.4,2587975,ok
2021-08-24,42.69,43.52,42.53,43.39,1807670,ok
2021-08-25,43.61,43.93,42.849,43.14,1780082,ok
2021-08-26,42.98,43.1699,42.3,42.53,1564045,ok
2021-08-27,42.71,43.66,42.53,43.49,1444887,ok
2021-08-30,43.67,43.71,42.96,42.96,1113528,ok
2021-08-31,42.9,43.18,42.545,42.68,2381217,ok
2021-09-01,42.63,42.77,41.855,42.56,1697981,ok
2021-09-02,42.68,43.4,42.24,43.39,1689060,ok
2021-09-03,43.48,43.5,43.02,43.14,952357,ok
2021-09-07,42.99,43.58,42.8,43.06,1123462,ok
2021-09-08,42.79,42.95,41.85,42.24,1076080,ok
2021-09-09,41.95,42.94,41.89,42.6,1584863,ok
2021-09-10,42.9,43.2,42.54,42.86,1452828,ok
2021-09-13,43.37,44.02,43.07,43.77,1496358,ok
2021-09-14,43.94,44.05,42.71,42.95,1484081,ok
2021-09-15,43.16,43.84,42.84,43.73,1539164,ok
2021-09-16,43.49,43.54,42.19,43.23,2251484,ok
2021-09-17,42.9,43.22,42.22,42.92,3607906,ok
2021-09-20,40.64,41.38,40.278,41.36,2443979,ok
2021-09-21,41.52,41.91,40.97,41.56,2575058,ok
2021-09-22,42.19,43.155,42.11,42.7,1780731,ok
2021-09-23,43.35,44.6965,43.01,43.76,2944960,ok
2021-09-24,43.84,44.665,43.56,43.83,1917746,ok
2021-09-27,43.78,44.82,43.63,44.28,2006331,ok
2021-09-28,44.71,45.06,43.95,44.73,2412944,ok
2021-09-29,44.73,45.1,43.8624,44.24,1065792,ok
2021-09-30,44.31,44.47,43.2,43.21,1716589,ok
2021-10-01,43.64,44.25,43.04,43.83,1093837,ok
2021-10-04,44.08,44.77,43.98,44.55,1905920,ok
2021-10-05,44.59,45.655,44.11,45.33,2031815,ok
2021-10-06,44.69,44.99,42.87,43.85,2471737,ok
2021-10-07,44.69,46.28,44.58,45.78,1964554,ok
2021-10-08,46.12,47.49,46.0,46.65,1905411,ok
2021-10-11,46.53,47.79,46.41,46.92,1600074,ok
2021-10-12,47.0,47.56,46.77,47.32,1678205,ok
2021-10-13,47.14,47.38,46.19,47.12,1702778,ok
2021-10-14,47.4,48.0,47.155,47.99,1350786,ok
2021-10-15,48.59,48.68,46.91,47.03,2394502,ok
2021-10-18,46.76,46.97,45.4627,45.9,2708487,ok
2021-10-19,46.0,46.4154,45.7,45.82,1829246,ok
2021-10-20,44.81,46.28,44.6105,45.78,2599960,ok
2021-10-21,45.75,46.095,45.3499,45.98,1222950,ok
2021-10-22,46.22,46.47,45.06,45.08,1180171,ok
2021-10-25,45.4,45.69,44.97,45.49,1335175,ok
2021-10-26,45.59,45.61,43.805,44.04,1764958,ok
2021-10-27,43.97,45.25,43.33,44.71,1496323,ok
2021-10-28,45.08,45.38,44.86,45.33,964689,ok
2021-10-29,45.25,45.85,44.86,45.07,1808890,ok
2021-11-01,45.42,46.6,45.42,46.59,1310882,ok
2021-11-02,46.67,47.33,46.08,47.05,3000477,ok
2021-11-03,46.0,47.51,45.0,47.01,3551797,ok
2021-11-04,47.8,48.4,46.41,46.57,2622769,ok
2021-11-05,47.15,47.65,46.61,46.9,2133763,ok
2021-11-08,47.01,47.44,46.47,46.77,1870389,ok
2021-11-09,46.77,47.19,46.25,46.5,1304076,ok
2021-11-10,46.31,47.675,46.22,47.01,1539490,ok
2021-11-11,47.21,47.56,46.97,47.24,1530100,ok
2021-11-12,47.54,48.41,47.32,48.25,1712823,ok
2021-11-15,48.64,48.715,48.03,48.55,1406998,ok
2021-11-16,49.0,49.1199,48.38,48.4,1837269,ok
2021-11-17,48.39,48.63,47.42,47.97,1472032,ok
2021-11-18,48.09,48.23,46.66,46.79,3029856,ok
2021-11-19,46.425,46.8,45.565,45.86,3304144,ok
2021-11-22,46.0,47.96,45.6,47.38,2310141,ok
2021-11-23,47.39,48.46,47.04,47.74,1887534,ok
2021-11-24,47.2,47.61,46.9,47.0,1197818,ok
2021-11-26,45.35,45.5028,44.02,45.23,1708191,ok
2021-11-29,46.23,46.36,44.425,44.81,1950610,ok
2021-11-30,44.2,44.61,43.2,43.28,3002645,ok
2021-12-01,44.44,45.24,42.83,42.84,2571106,ok
2021-12-02,43.37,44.51,43.14,44.27,1758178,ok
2021-12-03,44.1,44.44,43.3,43.88,1303802,ok
2021-12-06,44.33,45.52,43.995,44.79,1492132,ok
2021-12-07,45.51,46.04,45.395,45.55,1283766,ok
2021-12-08,45.68,46.48,45.58,46.2,1200497,ok
2021-12-09,45.98,46.355,45.7,46.12,1245780,ok
2021-12-10,46.68,46.79,45.69,46.07,1477211,ok
2021-12-13,46.0,46.14,44.78,44.81,1375624,ok
2021-12-14,44.5,45.22,44.4797,44.6,1518442,ok
2021-12-15,44.41,44.73,43.46,44.66,1598575,ok
2021-12-16,45.24,45.68,44.2,44.22,1217885,ok
2021-12-17,43.85,44.43,43.3,43.63,3702636,ok
2021-12-20,42.63,43.09,41.39,41.96,2479847,ok
2021-12-21,42.4,42.9,42.28,42.87,1891049,ok
2021-12-22,42.85,43.29,42.6,43.04,1177890,ok
2021-12-23,43.28,43.76,43.13,43.62,1178897,ok
2021-12-27,43.6,44.4,43.345,44.34,1058218,ok
2021-12-28,44.2,45.04,44.2,44.91,961201,ok
2021-12-29,44.92,45.37,44.8,44.87,744748,ok
2021-12-30,44.87,45.25,44.76,44.82,894401,ok
2021-12-31,44.85,45.25,44.82,45.07,643820,ok
2022-01-03,45.465,45.89,44.83,45.18,2111584,ok
2022-01-04,45.63,48.265,45.63,47.93,2022804,ok
2022-01-05,48.5,49.38,47.86,47.97,2749602,ok
2022-01-06,48.0,49.09,47.62,48.7,2008391,ok
2022-01-07,48.89,49.18,48.38,48.62,1148025,ok
2022-01-10,48.7,48.82,47.6,48.05,1535413,ok
2022-01-11,48.05,48.6,47.54,48.58,1197035,ok
2022-01-12,48.8,48.97,47.05,47.84,1645983,ok
2022-01-13,48.17,50.09,48.1,49.88,2491865,ok
2022-01-14,49.38,49.84,48.91,49.76,1085233,ok
2022-01-18,49.51,49.65,48.61,48.96,2132074,ok
2022-01-19,49.18,49.29,46.45,46.48,1782974,ok
2022-01-20,45.89,46.1,44.405,44.48,2435237,ok
2022-01-21,44.31,44.9,43.56,43.92,1780530,ok
2022-01-24,42.7,44.32,42.04,44.17,2161005,ok
2022-01-25,43.35,44.81,42.29,44.16,2119768,ok
2022-01-26,44.79,45.25,43.65,44.22,1663757,ok
2022-01-27,44.71,45.2,42.87,43.49,1478486,ok
2022-01-28,43.18,43.3,41.49,42.66,2026328,ok
2022-01-31,42.45,43.905,42.0,43.85,2288743,ok
2022-02-01,43.98,44.79,43.93,44.71,2165043,ok
2022-02-02,44.64,45.23,44.55,45.11,1986762,ok
2022-02-03,44.96,45.32,44.11,44.22,1442103,ok
2022-02-04,43.61,44.0,42.155,43.31,1985145,ok
2022-02-07,43.46,43.62,42.91,43.38,1402595,ok
2022-02-08,43.7,44.6,43.24,44.5,1595052,ok
2022-02-09,44.69,45.22,44.61,44.72,1644180,ok
2022-02-10,44.21,45.4,43.9,44.06,1438559,ok
2022-02-11,43.97,44.44,42.84,43.39,2309719,ok
2022-02-14,43.39,43.5604,42.2,42.76,2697102,ok
2022-02-15,42.97,45.435,42.7201,45.28,3474203,ok
2022-02-16,44.79,45.7,44.05,45.22,2770138,ok
2022-02-17,45.0,45.37,44.25,44.62,1855280,ok
2022-02-18,44.35,44.73,43.295,43.56,1713549,ok
2022-02-22,43.31,43.7,41.65,42.38,2392852,ok
2022-02-23,43.32,43.42,42.2,42.31,2228447,ok
2022-02-24,40.65,41.165,40.17,41.1,2506142,ok
2022-02-25,41.14,42.4963,41.14,42.15,2026028,ok
2022-02-28,40.97,41.7,40.52,41.01,2298597,ok
2022-03-01,40.89,40.96,38.32,38.83,4360680,ok
2022-03-02,39.19,40.91,39.13,40.62,2302180,ok
2022-03-03,40.52,40.765,39.37,39.91,2535074,ok
2022-03-04,38.8,39.09,36.605,36.93,4485202,ok
2022-03-07,36.77,36.88,34.95,35.02,3744274,ok
2022-03-08,35.53,37.36,34.85,36.12,3906287,ok
2022-03-09,37.64,38.52,37.44,37.46,2735423,ok
2022-03-10,36.36,37.05,36.11,36.72,2628642,ok
2022-03-11,36.805,37.1,36.3,36.32,2506397,ok
2022-03-14,36.26,37.12,35.96,36.31,1627204,ok
2022-03-15,36.65,37.18,36.065,36.52,1559569,ok
2022-03-16,37.19,38.42,36.99,38.16,1717701,ok
2022-03-17,37.32,38.35,37.165,38.35,2080326,ok
2022-03-18,37.97,38.76,37.594,38.62,3173055,ok
2022-03-21,38.76,38.8193,37.82,38.38,1498868,ok
2022-03-22,38.59,39.09,38.211,38.45,1534652,ok
2022-03-23,37.97,38.225,37.13,37.41,2349027,ok
2022-03-24,37.71,38.76,37.54,38.52,1361392,ok
2022-03-25,38.46,38.63,38.01,38.59,1005866,ok
2022-03-28,38.67,38.84,38.08,38.57,1336671,ok
2022-03-29,39.95,40.78,39.78,40.08,1495326,ok
2022-03-30,39.62,40.07,39.31,39.62,1315773,ok
2022-03-31,39.23,39.58,38.89,38.9,1685310,ok
2022-04-01,39.44,39.91,38.8,39.36,1710912,ok
2022-04-04,39.17,39.24,38.6719,38.79,1863855,ok
2022-04-05,38.05,38.26,36.98,37.08,2451503,ok
2022-04-06,36.93,37.51,36.62,37.22,2007441,ok
2022-04-07,36.7,37.0314,35.58,36.34,2039777,ok
2022-04-08,36.17,37.3,35.92,36.41,2403646,ok
2022-04-11,36.13,37.56,36.102,36.85,6410817,ok
2022-04-12,37.28,37.776,36.825,37.06,1645594,ok
2022-04-13,37.04,37.41,36.665,36.85,1566312,ok
2022-04-14,36.88,37.44,36.74,37.01,2107619,ok
2022-04-18,36.86,37.42,36.74,37.29,1141587,ok
2022-04-19,37.46,38.495,37.46,38.43,1525154,ok
2022-04-20,38.81,39.33,38.551,38.76,1325154,ok
2022-04-21,39.47,39.98,38.56,38.74,1593003,ok
2022-04-22,37.84,38.43,37.51,37.86,1735506,ok
2022-04-25,37.6,37.82,36.72,37.72,1266702,ok
2022-04-26,37.29,37.55,35.93,35.93,1626616,ok
2022-04-27,36.11,37.35,35.8,36.72,1455358,ok
2022-04-28,37.29,37.8033,36.505,37.59,1519456,ok
2022-04-29,37.56,38.04,36.69,36.83,1944330,ok
2022-05-02,36.62,37.38,36.1763,37.33,1906600,ok
2022-05-03,37.33,38.56,37.0305,38.14,2565587,ok
2022-05-04,37.4,39.19,36.68,38.98,3048134,ok
2022-05-05,38.13,38.98,37.63,38.1,2878987,ok
2022-05-06,38.27,38.37,37.17,37.97,1893650,ok
2022-05-09,37.31,38.32,36.72,36.82,2286965,ok
2022-05-10,37.39,37.71,35.5,36.3,2206406,ok
2022-05-11,36.59,37.36,36.01,36.04,1975604,ok
2022-05-12,35.81,36.7,35.7,36.67,7658453,ok
2022-05-13,37.31,38.56,37.19,38.4,2242970,ok
2022-05-16,38.21,38.23,37.04,37.45,1806509,ok
2022-05-17,38.04,39.46,38.04,39.46,1611954,ok
2022-05-18,38.86,39.29,38.155,38.35,2373434,ok
2022-05-19,37.9,39.56,37.79,38.86,2411967,ok
2022-05-20,39.59,39.63,37.135,38.15,1980383,ok
2022-05-23,38.62,38.72,37.86,38.2,1612962,ok
2022-05-24,37.66,37.86,36.975,37.45,2103932,ok
2022-05-25,37.4,38.73,37.295,38.48,1890075,ok
2022-05-26,39.07,39.73,39.07,39.39,1531315,ok
2022-05-27,39.71,40.05,39.525,39.73,1462484,ok
2022-05-31,39.7,40.63,39.21,40.32,2809117,ok
2022-06-01,40.39,40.65,39.61,40.12,1973321,ok
2022-06-02,40.1,40.47,39.91,40.23,1325729,ok
2022-06-03,39.73,39.85,39.115,39.3,1315003,ok
2022-06-06,39.83,40.3,39.67,40.08,1559577,ok
2022-06-07,39.81,39.93,39.28,39.83,1532150,ok
2022-06-08,39.72,40.17,39.54,39.69,1328222,ok
2022-06-09,39.47,39.82,39.16,39.17,1487240,ok
2022-06-10,38.42,38.73,37.5,37.5,1674126,ok
2022-06-13,36.51,36.78,35.12,35.27,2014101,ok
2022-06-14,35.45,35.82,34.81,35.06,2099594,ok
2022-06-15,35.5,36.15,35.04,35.78,1974881,ok
2022-06-16,34.65,34.83,32.67,32.95,2788286,ok
2022-06-17,33.06,34.03,32.58,33.67,3797778,ok
2022-06-21,34.79,35.505,34.19,35.4,2141755,ok
2022-06-22,34.91,36.0901,34.83,35.35,2113747,ok
2022-06-23,35.18,35.625,34.31,34.82,2232693,ok
2022-06-24,34.97,35.98,34.85,35.69,2103565,ok
2022-06-27,35.87,36.24,35.379,35.74,1947212,ok
2022-06-28,36.09,36.65,35.76,36.05,2624598,ok
2022-06-29,35.89,35.92,34.735,35.13,2130770,ok
2022-06-30,34.21,34.4,32.97,33.37,3130356,ok
2022-07-01,33.33,34.2,33.13,34.07,1753911,ok
2022-07-05,33.13,33.74,32.481,33.72,1805461,ok
2022-07-06,33.5,33.845,32.4,32.82,2009261,ok
2022-07-07,33.54,34.855,33.5,34.66,1851300,ok
2022-07-08,34.95,35.15,34.33,34.45,1331729,ok
2022-07-11,34.18,34.625,33.86,33.93,1241118,ok
2022-07-12,33.71,35.11,33.67,34.51,2083262,ok
2022-07-13,33.74,33.97,33.29,33.61,1979830,ok
2022-07-14,32.84,33.06,32.28,33.04,1890314,ok
2022-07-15,33.69,33.795,32.77,33.65,2099247,ok
2022-07-18,34.87,35.26,34.045,34.16,2619699,ok
2022-07-19,34.88,36.04,34.88,35.74,1772834,ok
2022-07-20,35.3,36.45,35.39,36.23,517151,ok
